"","magers_1","magers_2","magers_3","peers_4","peers_5","peers_6","confidence_7","confidence_8","confidence_9","autonomy_10","autonomy_11","autonomy_12","mastery_13","mastery_14","mastery_15","mastery_16","freedom_of_opinion_20","freedom_of_opinion_21","freedom_of_opinion_22","quality_._frequency_23","quality_._frequency_24","quality_._frequency_25","active_listening_26","active_listening_27","active_listening_28","values_._ethics_29","values_._ethics_30","values_._ethics_31","goals_._role_32","goals_._role_33","goals_._role_34","trust_._vision_35","trust_._vision_36","trust_._vision_37","trust_._vision_38","stress_._health_39","stress_._health_40","stress_._health_41_r","environment_45","environment_46","environment_47","compensation_48","compensation_49","compensation_50","recognition_51","recognition_52","recognition_53","benefits_54","enps_score","avg_happiness"
"magers_1",1,0.73,0.66,0.48,0.38,0.35,0.39,0.66,0.42,0.49,0.41,0.45,0.45,0.42,0.6,0.46,0.64,0.47,0.37,0.43,0.64,0.46,0.49,0.59,0.41,0.39,0.41,0.61,0.41,0.37,0.39,0.38,0.33,0.41,0.41,0.42,0.63,0.1,0.49,0.37,0.49,0.36,0.49,0.38,0.5,0.36,0.43,0.35,0.44,0.42
"magers_2",0.73,1,0.67,0.55,0.49,0.47,0.52,0.72,0.6,0.58,0.47,0.54,0.57,0.53,0.74,0.6,0.68,0.63,0.4,0.57,0.75,0.52,0.67,0.6,0.49,0.53,0.5,0.74,0.58,0.46,0.46,0.52,0.46,0.55,0.56,0.51,0.72,0.06,0.62,0.43,0.64,0.48,0.51,0.47,0.57,0.43,0.6,0.45,0.55,0.49
"magers_3",0.66,0.67,1,0.5,0.43,0.34,0.42,0.61,0.41,0.44,0.39,0.41,0.4,0.43,0.57,0.42,0.59,0.45,0.38,0.42,0.63,0.48,0.47,0.58,0.43,0.37,0.4,0.59,0.4,0.4,0.43,0.39,0.33,0.38,0.39,0.39,0.62,0.08,0.47,0.34,0.48,0.35,0.46,0.34,0.48,0.37,0.4,0.34,0.4,0.37
"peers_4",0.48,0.55,0.5,1,0.58,0.54,0.52,0.55,0.5,0.48,0.42,0.48,0.5,0.5,0.58,0.53,0.54,0.53,0.48,0.49,0.55,0.46,0.55,0.5,0.55,0.49,0.47,0.59,0.47,0.51,0.46,0.46,0.45,0.43,0.46,0.46,0.54,0.04,0.58,0.41,0.54,0.4,0.45,0.38,0.53,0.43,0.49,0.45,0.48,0.44
"peers_5",0.38,0.49,0.43,0.58,1,0.65,0.62,0.47,0.47,0.43,0.32,0.44,0.4,0.39,0.52,0.44,0.49,0.51,0.51,0.44,0.52,0.37,0.51,0.42,0.63,0.46,0.41,0.51,0.44,0.44,0.39,0.44,0.38,0.4,0.42,0.4,0.47,0.06,0.56,0.34,0.5,0.39,0.35,0.33,0.43,0.36,0.46,0.4,0.43,0.38
"peers_6",0.35,0.47,0.34,0.54,0.65,1,0.53,0.43,0.51,0.46,0.32,0.46,0.45,0.42,0.52,0.48,0.45,0.55,0.43,0.51,0.48,0.36,0.56,0.36,0.53,0.54,0.45,0.51,0.5,0.42,0.38,0.48,0.44,0.47,0.48,0.48,0.45,0.05,0.55,0.35,0.52,0.43,0.35,0.41,0.43,0.41,0.55,0.48,0.51,0.41
"confidence_7",0.39,0.52,0.42,0.52,0.62,0.53,1,0.57,0.62,0.46,0.39,0.5,0.45,0.45,0.54,0.5,0.49,0.56,0.44,0.51,0.53,0.37,0.56,0.43,0.57,0.52,0.45,0.54,0.52,0.44,0.4,0.52,0.45,0.5,0.51,0.46,0.49,0.05,0.6,0.38,0.56,0.45,0.36,0.41,0.43,0.41,0.52,0.44,0.49,0.41
"confidence_8",0.66,0.72,0.61,0.55,0.47,0.43,0.57,1,0.63,0.59,0.44,0.55,0.56,0.49,0.69,0.6,0.71,0.57,0.37,0.58,0.73,0.48,0.61,0.62,0.5,0.54,0.49,0.74,0.55,0.46,0.48,0.57,0.47,0.52,0.59,0.49,0.72,0.04,0.64,0.41,0.61,0.48,0.5,0.49,0.52,0.41,0.54,0.49,0.57,0.48
"confidence_9",0.42,0.6,0.41,0.5,0.47,0.51,0.62,0.63,1,0.55,0.43,0.57,0.64,0.55,0.64,0.66,0.51,0.68,0.33,0.73,0.57,0.43,0.74,0.44,0.47,0.7,0.63,0.64,0.74,0.47,0.48,0.69,0.65,0.71,0.76,0.64,0.56,0.03,0.64,0.48,0.68,0.58,0.45,0.6,0.54,0.54,0.69,0.58,0.68,0.54
"autonomy_10",0.49,0.58,0.44,0.48,0.43,0.46,0.46,0.59,0.55,1,0.54,0.7,0.53,0.49,0.55,0.58,0.59,0.59,0.33,0.57,0.54,0.39,0.6,0.52,0.52,0.58,0.49,0.64,0.52,0.45,0.46,0.53,0.45,0.5,0.56,0.52,0.6,0.06,0.6,0.43,0.58,0.44,0.41,0.44,0.48,0.39,0.52,0.52,0.58,0.49
"autonomy_11",0.41,0.47,0.39,0.42,0.32,0.32,0.39,0.44,0.43,0.54,1,0.5,0.43,0.41,0.46,0.43,0.44,0.47,0.36,0.41,0.44,0.4,0.49,0.46,0.4,0.39,0.41,0.48,0.39,0.4,0.4,0.34,0.37,0.36,0.4,0.42,0.44,0.03,0.42,0.37,0.46,0.36,0.38,0.34,0.43,0.32,0.4,0.34,0.38,0.39
"autonomy_12",0.45,0.54,0.41,0.48,0.44,0.46,0.5,0.55,0.57,0.7,0.5,1,0.55,0.48,0.53,0.63,0.53,0.56,0.33,0.61,0.5,0.36,0.59,0.46,0.53,0.62,0.52,0.62,0.55,0.5,0.51,0.59,0.48,0.54,0.6,0.51,0.55,0.05,0.62,0.44,0.61,0.45,0.37,0.48,0.45,0.43,0.53,0.53,0.58,0.49
"mastery_13",0.45,0.57,0.4,0.5,0.4,0.45,0.45,0.56,0.64,0.53,0.43,0.55,1,0.66,0.68,0.73,0.53,0.61,0.32,0.67,0.52,0.43,0.67,0.42,0.45,0.62,0.56,0.6,0.62,0.46,0.45,0.61,0.55,0.62,0.66,0.59,0.57,0.05,0.59,0.48,0.62,0.61,0.51,0.65,0.57,0.5,0.63,0.57,0.64,0.54
"mastery_14",0.42,0.53,0.43,0.5,0.39,0.42,0.45,0.49,0.55,0.49,0.41,0.48,0.66,1,0.62,0.66,0.48,0.56,0.37,0.57,0.48,0.45,0.59,0.41,0.46,0.55,0.51,0.53,0.53,0.48,0.45,0.53,0.51,0.54,0.56,0.52,0.49,0.05,0.53,0.44,0.56,0.49,0.44,0.49,0.52,0.48,0.57,0.49,0.55,0.48
"mastery_15",0.6,0.74,0.57,0.58,0.52,0.52,0.54,0.69,0.64,0.55,0.46,0.53,0.68,0.62,1,0.7,0.66,0.64,0.4,0.61,0.73,0.54,0.68,0.57,0.5,0.58,0.53,0.73,0.63,0.49,0.48,0.55,0.49,0.58,0.59,0.54,0.71,0.04,0.6,0.46,0.65,0.55,0.57,0.53,0.6,0.46,0.64,0.48,0.57,0.49
"mastery_16",0.46,0.6,0.42,0.53,0.44,0.48,0.5,0.6,0.66,0.58,0.43,0.63,0.73,0.66,0.7,1,0.55,0.63,0.35,0.7,0.56,0.46,0.68,0.46,0.52,0.66,0.58,0.64,0.66,0.53,0.52,0.65,0.58,0.62,0.68,0.6,0.61,0,0.62,0.49,0.66,0.57,0.47,0.6,0.55,0.52,0.64,0.58,0.63,0.53
"freedom_of_opinion_20",0.64,0.68,0.59,0.54,0.49,0.45,0.49,0.71,0.51,0.59,0.44,0.53,0.53,0.48,0.66,0.55,1,0.61,0.41,0.52,0.69,0.48,0.56,0.6,0.51,0.49,0.44,0.71,0.49,0.44,0.45,0.48,0.41,0.47,0.5,0.48,0.68,0.07,0.58,0.38,0.56,0.42,0.5,0.44,0.51,0.4,0.52,0.48,0.5,0.46
"freedom_of_opinion_21",0.47,0.63,0.45,0.53,0.51,0.55,0.56,0.57,0.68,0.59,0.47,0.56,0.61,0.56,0.64,0.63,0.61,1,0.41,0.65,0.59,0.44,0.7,0.48,0.5,0.62,0.58,0.62,0.65,0.46,0.46,0.59,0.54,0.62,0.63,0.62,0.56,0.09,0.62,0.45,0.67,0.56,0.48,0.54,0.55,0.5,0.66,0.55,0.63,0.52
"freedom_of_opinion_22",0.37,0.4,0.38,0.48,0.51,0.43,0.44,0.37,0.33,0.33,0.36,0.33,0.32,0.37,0.4,0.35,0.41,0.41,1,0.32,0.4,0.36,0.38,0.37,0.52,0.31,0.34,0.4,0.32,0.36,0.32,0.28,0.26,0.3,0.3,0.31,0.38,0.08,0.4,0.3,0.37,0.3,0.33,0.26,0.4,0.31,0.36,0.26,0.29,0.29
"quality_._frequency_23",0.43,0.57,0.42,0.49,0.44,0.51,0.51,0.58,0.73,0.57,0.41,0.61,0.67,0.57,0.61,0.7,0.52,0.65,0.32,1,0.56,0.48,0.69,0.41,0.47,0.74,0.65,0.65,0.74,0.5,0.51,0.71,0.6,0.69,0.74,0.67,0.58,0.04,0.64,0.51,0.67,0.56,0.44,0.62,0.53,0.56,0.68,0.63,0.69,0.55
"quality_._frequency_24",0.64,0.75,0.63,0.55,0.52,0.48,0.53,0.73,0.57,0.54,0.44,0.5,0.52,0.48,0.73,0.56,0.69,0.59,0.4,0.56,1,0.56,0.59,0.6,0.48,0.5,0.46,0.71,0.54,0.46,0.45,0.48,0.41,0.48,0.5,0.47,0.71,0.05,0.58,0.4,0.6,0.44,0.52,0.44,0.54,0.39,0.55,0.44,0.5,0.44
"quality_._frequency_25",0.46,0.52,0.48,0.46,0.37,0.36,0.37,0.48,0.43,0.39,0.4,0.36,0.43,0.45,0.54,0.46,0.48,0.44,0.36,0.48,0.56,1,0.47,0.41,0.37,0.39,0.42,0.51,0.46,0.37,0.41,0.38,0.36,0.39,0.41,0.41,0.49,0.01,0.44,0.38,0.47,0.38,0.45,0.39,0.52,0.39,0.44,0.37,0.39,0.38
"active_listening_26",0.49,0.67,0.47,0.55,0.51,0.56,0.56,0.61,0.74,0.6,0.49,0.59,0.67,0.59,0.68,0.68,0.56,0.7,0.38,0.69,0.59,0.47,1,0.55,0.56,0.67,0.62,0.67,0.69,0.48,0.47,0.64,0.57,0.67,0.69,0.65,0.61,0.07,0.63,0.51,0.72,0.6,0.5,0.59,0.59,0.54,0.71,0.59,0.67,0.56
"active_listening_27",0.59,0.6,0.58,0.5,0.42,0.36,0.43,0.62,0.44,0.52,0.46,0.46,0.42,0.41,0.57,0.46,0.6,0.48,0.37,0.41,0.6,0.41,0.55,1,0.5,0.38,0.4,0.63,0.42,0.4,0.4,0.39,0.34,0.39,0.42,0.43,0.62,0.07,0.49,0.36,0.48,0.35,0.46,0.37,0.48,0.35,0.41,0.38,0.41,0.39
"active_listening_28",0.41,0.49,0.43,0.55,0.63,0.53,0.57,0.5,0.47,0.52,0.4,0.53,0.45,0.46,0.5,0.52,0.51,0.5,0.52,0.47,0.48,0.37,0.56,0.5,1,0.5,0.44,0.54,0.42,0.44,0.38,0.45,0.37,0.41,0.45,0.43,0.49,0.03,0.58,0.36,0.51,0.41,0.38,0.39,0.45,0.35,0.47,0.44,0.47,0.4
"values_._ethics_29",0.39,0.53,0.37,0.49,0.46,0.54,0.52,0.54,0.7,0.58,0.39,0.62,0.62,0.55,0.58,0.66,0.49,0.62,0.31,0.74,0.5,0.39,0.67,0.38,0.5,1,0.69,0.65,0.65,0.51,0.47,0.7,0.66,0.63,0.72,0.64,0.53,0.02,0.63,0.46,0.6,0.54,0.4,0.59,0.5,0.55,0.65,0.63,0.7,0.54
"values_._ethics_30",0.41,0.5,0.4,0.47,0.41,0.45,0.45,0.49,0.63,0.49,0.41,0.52,0.56,0.51,0.53,0.58,0.44,0.58,0.34,0.65,0.46,0.42,0.62,0.4,0.44,0.69,1,0.59,0.61,0.43,0.42,0.59,0.56,0.59,0.62,0.62,0.5,0.05,0.57,0.47,0.57,0.49,0.42,0.55,0.53,0.55,0.6,0.55,0.6,0.51
"values_._ethics_31",0.61,0.74,0.59,0.59,0.51,0.51,0.54,0.74,0.64,0.64,0.48,0.62,0.6,0.53,0.73,0.64,0.71,0.62,0.4,0.65,0.71,0.51,0.67,0.63,0.54,0.65,0.59,1,0.6,0.53,0.51,0.59,0.52,0.54,0.61,0.57,0.76,0.04,0.66,0.45,0.63,0.53,0.53,0.54,0.59,0.48,0.61,0.56,0.61,0.52
"goals_._role_32",0.41,0.58,0.4,0.47,0.44,0.5,0.52,0.55,0.74,0.52,0.39,0.55,0.62,0.53,0.63,0.66,0.49,0.65,0.32,0.74,0.54,0.46,0.69,0.42,0.42,0.65,0.61,0.6,1,0.5,0.51,0.64,0.57,0.65,0.7,0.62,0.54,0.03,0.59,0.48,0.66,0.55,0.42,0.59,0.55,0.55,0.7,0.57,0.61,0.51
"goals_._role_33",0.37,0.46,0.4,0.51,0.44,0.42,0.44,0.46,0.47,0.45,0.4,0.5,0.46,0.48,0.49,0.53,0.44,0.46,0.36,0.5,0.46,0.37,0.48,0.4,0.44,0.51,0.43,0.53,0.5,1,0.63,0.49,0.5,0.4,0.48,0.43,0.46,0,0.48,0.32,0.47,0.39,0.35,0.37,0.42,0.4,0.45,0.41,0.44,0.4
"goals_._role_34",0.39,0.46,0.43,0.46,0.39,0.38,0.4,0.48,0.48,0.46,0.4,0.51,0.45,0.45,0.48,0.52,0.45,0.46,0.32,0.51,0.45,0.41,0.47,0.4,0.38,0.47,0.42,0.51,0.51,0.63,1,0.47,0.46,0.41,0.46,0.42,0.46,0.02,0.48,0.38,0.5,0.39,0.38,0.38,0.44,0.4,0.46,0.39,0.45,0.42
"trust_._vision_35",0.38,0.52,0.39,0.46,0.44,0.48,0.52,0.57,0.69,0.53,0.34,0.59,0.61,0.53,0.55,0.65,0.48,0.59,0.28,0.71,0.48,0.38,0.64,0.39,0.45,0.7,0.59,0.59,0.64,0.49,0.47,1,0.67,0.67,0.81,0.59,0.52,0.04,0.64,0.45,0.59,0.52,0.37,0.56,0.47,0.51,0.58,0.6,0.68,0.52
"trust_._vision_36",0.33,0.46,0.33,0.45,0.38,0.44,0.45,0.47,0.65,0.45,0.37,0.48,0.55,0.51,0.49,0.58,0.41,0.54,0.26,0.6,0.41,0.36,0.57,0.34,0.37,0.66,0.56,0.52,0.57,0.5,0.46,0.67,1,0.57,0.67,0.58,0.44,0.03,0.5,0.41,0.51,0.48,0.37,0.5,0.46,0.53,0.56,0.52,0.62,0.5
"trust_._vision_37",0.41,0.55,0.38,0.43,0.4,0.47,0.5,0.52,0.71,0.5,0.36,0.54,0.62,0.54,0.58,0.62,0.47,0.62,0.3,0.69,0.48,0.39,0.67,0.39,0.41,0.63,0.59,0.54,0.65,0.4,0.41,0.67,0.57,1,0.75,0.62,0.51,0.11,0.58,0.52,0.65,0.58,0.41,0.59,0.5,0.52,0.66,0.58,0.63,0.51
"trust_._vision_38",0.41,0.56,0.39,0.46,0.42,0.48,0.51,0.59,0.76,0.56,0.4,0.6,0.66,0.56,0.59,0.68,0.5,0.63,0.3,0.74,0.5,0.41,0.69,0.42,0.45,0.72,0.62,0.61,0.7,0.48,0.46,0.81,0.67,0.75,1,0.63,0.54,0.04,0.65,0.49,0.63,0.55,0.41,0.61,0.5,0.54,0.64,0.6,0.69,0.54
"stress_._health_39",0.42,0.51,0.39,0.46,0.4,0.48,0.46,0.49,0.64,0.52,0.42,0.51,0.59,0.52,0.54,0.6,0.48,0.62,0.31,0.67,0.47,0.41,0.65,0.43,0.43,0.64,0.62,0.57,0.62,0.43,0.42,0.59,0.58,0.62,0.63,1,0.57,0.11,0.58,0.48,0.56,0.51,0.44,0.56,0.53,0.54,0.63,0.6,0.64,0.51
"stress_._health_40",0.63,0.72,0.62,0.54,0.47,0.45,0.49,0.72,0.56,0.6,0.44,0.55,0.57,0.49,0.71,0.61,0.68,0.56,0.38,0.58,0.71,0.49,0.61,0.62,0.49,0.53,0.5,0.76,0.54,0.46,0.46,0.52,0.44,0.51,0.54,0.57,1,0.02,0.6,0.42,0.57,0.48,0.54,0.51,0.56,0.43,0.55,0.49,0.53,0.47
"stress_._health_41_r",0.1,0.06,0.08,0.04,0.06,0.05,0.05,0.04,0.03,0.06,0.03,0.05,0.05,0.05,0.04,0,0.07,0.09,0.08,0.04,0.05,0.01,0.07,0.07,0.03,0.02,0.05,0.04,0.03,0,0.02,0.04,0.03,0.11,0.04,0.11,0.02,1,0.08,0.09,0.07,0.1,0.03,0.07,0.12,0.06,0.06,0.07,0.06,0.11
"environment_45",0.49,0.62,0.47,0.58,0.56,0.55,0.6,0.64,0.64,0.6,0.42,0.62,0.59,0.53,0.6,0.62,0.58,0.62,0.4,0.64,0.58,0.44,0.63,0.49,0.58,0.63,0.57,0.66,0.59,0.48,0.48,0.64,0.5,0.58,0.65,0.58,0.6,0.08,1,0.5,0.68,0.49,0.43,0.52,0.51,0.45,0.58,0.57,0.65,0.54
"environment_46",0.37,0.43,0.34,0.41,0.34,0.35,0.38,0.41,0.48,0.43,0.37,0.44,0.48,0.44,0.46,0.49,0.38,0.45,0.3,0.51,0.4,0.38,0.51,0.36,0.36,0.46,0.47,0.45,0.48,0.32,0.38,0.45,0.41,0.52,0.49,0.48,0.42,0.09,0.5,1,0.56,0.44,0.36,0.45,0.44,0.4,0.45,0.46,0.47,0.43
"environment_47",0.49,0.64,0.48,0.54,0.5,0.52,0.56,0.61,0.68,0.58,0.46,0.61,0.62,0.56,0.65,0.66,0.56,0.67,0.37,0.67,0.6,0.47,0.72,0.48,0.51,0.6,0.57,0.63,0.66,0.47,0.5,0.59,0.51,0.65,0.63,0.56,0.57,0.07,0.68,0.56,1,0.55,0.48,0.53,0.55,0.49,0.65,0.57,0.61,0.54
"compensation_48",0.36,0.48,0.35,0.4,0.39,0.43,0.45,0.48,0.58,0.44,0.36,0.45,0.61,0.49,0.55,0.57,0.42,0.56,0.3,0.56,0.44,0.38,0.6,0.35,0.41,0.54,0.49,0.53,0.55,0.39,0.39,0.52,0.48,0.58,0.55,0.51,0.48,0.1,0.49,0.44,0.55,1,0.48,0.75,0.48,0.44,0.56,0.56,0.55,0.47
"compensation_49",0.49,0.51,0.46,0.45,0.35,0.35,0.36,0.5,0.45,0.41,0.38,0.37,0.51,0.44,0.57,0.47,0.5,0.48,0.33,0.44,0.52,0.45,0.5,0.46,0.38,0.4,0.42,0.53,0.42,0.35,0.38,0.37,0.37,0.41,0.41,0.44,0.54,0.03,0.43,0.36,0.48,0.48,1,0.48,0.5,0.38,0.46,0.38,0.41,0.38
"compensation_50",0.38,0.47,0.34,0.38,0.33,0.41,0.41,0.49,0.6,0.44,0.34,0.48,0.65,0.49,0.53,0.6,0.44,0.54,0.26,0.62,0.44,0.39,0.59,0.37,0.39,0.59,0.55,0.54,0.59,0.37,0.38,0.56,0.5,0.59,0.61,0.56,0.51,0.07,0.52,0.45,0.53,0.75,0.48,1,0.49,0.45,0.57,0.58,0.6,0.48
"recognition_51",0.5,0.57,0.48,0.53,0.43,0.43,0.43,0.52,0.54,0.48,0.43,0.45,0.57,0.52,0.6,0.55,0.51,0.55,0.4,0.53,0.54,0.52,0.59,0.48,0.45,0.5,0.53,0.59,0.55,0.42,0.44,0.47,0.46,0.5,0.5,0.53,0.56,0.12,0.51,0.44,0.55,0.48,0.5,0.49,1,0.55,0.62,0.45,0.49,0.47
"recognition_52",0.36,0.43,0.37,0.43,0.36,0.41,0.41,0.41,0.54,0.39,0.32,0.43,0.5,0.48,0.46,0.52,0.4,0.5,0.31,0.56,0.39,0.39,0.54,0.35,0.35,0.55,0.55,0.48,0.55,0.4,0.4,0.51,0.53,0.52,0.54,0.54,0.43,0.06,0.45,0.4,0.49,0.44,0.38,0.45,0.55,1,0.62,0.48,0.55,0.46
"recognition_53",0.43,0.6,0.4,0.49,0.46,0.55,0.52,0.54,0.69,0.52,0.4,0.53,0.63,0.57,0.64,0.64,0.52,0.66,0.36,0.68,0.55,0.44,0.71,0.41,0.47,0.65,0.6,0.61,0.7,0.45,0.46,0.58,0.56,0.66,0.64,0.63,0.55,0.06,0.58,0.45,0.65,0.56,0.46,0.57,0.62,0.62,1,0.56,0.61,0.5
"benefits_54",0.35,0.45,0.34,0.45,0.4,0.48,0.44,0.49,0.58,0.52,0.34,0.53,0.57,0.49,0.48,0.58,0.48,0.55,0.26,0.63,0.44,0.37,0.59,0.38,0.44,0.63,0.55,0.56,0.57,0.41,0.39,0.6,0.52,0.58,0.6,0.6,0.49,0.07,0.57,0.46,0.57,0.56,0.38,0.58,0.45,0.48,0.56,1,0.66,0.5
"enps_score",0.44,0.55,0.4,0.48,0.43,0.51,0.49,0.57,0.68,0.58,0.38,0.58,0.64,0.55,0.57,0.63,0.5,0.63,0.29,0.69,0.5,0.39,0.67,0.41,0.47,0.7,0.6,0.61,0.61,0.44,0.45,0.68,0.62,0.63,0.69,0.64,0.53,0.06,0.65,0.47,0.61,0.55,0.41,0.6,0.49,0.55,0.61,0.66,1,0.59
"avg_happiness",0.42,0.49,0.37,0.44,0.38,0.41,0.41,0.48,0.54,0.49,0.39,0.49,0.54,0.48,0.49,0.53,0.46,0.52,0.29,0.55,0.44,0.38,0.56,0.39,0.4,0.54,0.51,0.52,0.51,0.4,0.42,0.52,0.5,0.51,0.54,0.51,0.47,0.11,0.54,0.43,0.54,0.47,0.38,0.48,0.47,0.46,0.5,0.5,0.59,1
